amplitude,center,FWHM,amplitude_err,center_err,FWHM_err
0.06929817144470628,1533.543367255442,18.68655444916978,0.0,0.0,0.0
