amplitude,center,FWHM,amplitude_err,center_err,FWHM_err
0.07075125140255738,1533.3929161258882,18.09120863327358,0.0,0.0,0.0
