amplitude,center,FWHM,amplitude_err,center_err,FWHM_err
0.07050636217294158,1533.4536589162549,18.242174696592766,0.0,0.0,0.0
