amplitude,center,FWHM,amplitude_err,center_err,FWHM_err
0.07192689519294707,1533.4553527269852,17.76139979365998,0.0,0.0,0.0
