amplitude,center,FWHM,amplitude_err,center_err,FWHM_err
0.07081920498249522,1533.480993390751,18.059321303184984,0.0,0.0,0.0
