amplitude,center,FWHM,amplitude_err,center_err,FWHM_err
0.08624081455744959,1547.523115818439,14.775287809388155,0.0,0.0,0.0
