amplitude,center,FWHM,amplitude_err,center_err,FWHM_err
0.08604684317065169,1547.5228778275243,14.796401156707205,0.0,0.0,0.0
