amplitude,center,FWHM,amplitude_err,center_err,FWHM_err
0.0765009155261733,1504.562193700104,16.816873643855626,0.0,0.0,0.0
