amplitude,center,FWHM,amplitude_err,center_err,FWHM_err
0.0777741326365444,1504.5811949618394,16.477711434562828,0.0,0.0,0.0
