amplitude,center,FWHM,amplitude_err,center_err,FWHM_err
0.06871707739377772,1530.4740850188164,18.667179211670277,0.0,0.0,0.0
