amplitude,center,FWHM,amplitude_err,center_err,FWHM_err
0.06945960876435514,1530.6186671969535,18.40661612575417,0.0,0.0,0.0
