amplitude,center,FWHM,amplitude_err,center_err,FWHM_err
0.06860250263453972,1530.678391747902,18.757116012262728,0.0,0.0,0.0
