amplitude,center,FWHM,amplitude_err,center_err,FWHM_err
0.06887704924852259,1530.511789316618,18.598413052295133,0.0,0.0,0.0
