amplitude,center,FWHM,amplitude_err,center_err,FWHM_err
0.06939591533807365,1530.6248534745241,18.414061250341664,0.0,0.0,0.0
