amplitude,center,FWHM,amplitude_err,center_err,FWHM_err
0.07448804512717075,1539.2554052265523,17.23473549725597,0.0,0.0,0.0
