amplitude,center,FWHM,amplitude_err,center_err,FWHM_err
0.07702242235218047,1539.2808779794373,16.571364209896092,0.0,0.0,0.0
