amplitude,center,FWHM,amplitude_err,center_err,FWHM_err
0.07494275934321748,1539.2036136099919,17.07977225038923,0.0,0.0,0.0
