amplitude,center,FWHM,amplitude_err,center_err,FWHM_err
0.09110099349200393,1550.2282979343515,13.978125204675166,0.0,0.0,0.0
