amplitude,center,FWHM,amplitude_err,center_err,FWHM_err
0.09164484538913659,1550.180359205793,13.87472397794584,0.0,0.0,0.0
