amplitude,center,FWHM,amplitude_err,center_err,FWHM_err
0.09182282592505966,1497.5777274175312,13.868110522877283,0.0,0.0,0.0
