amplitude,center,FWHM,amplitude_err,center_err,FWHM_err
0.09130943045750707,1497.6209157090004,13.977814774003168,0.0,0.0,0.0
