amplitude,center,FWHM,amplitude_err,center_err,FWHM_err
0.06648476132230002,1518.1184047617842,19.435599676316002,0.0,0.0,0.0
