amplitude,center,FWHM,amplitude_err,center_err,FWHM_err
0.06651359601231081,1517.9581149035835,19.456499280940005,0.0,0.0,0.0
