amplitude,center,FWHM,amplitude_err,center_err,FWHM_err
0.06712553508490984,1517.9392630698458,19.160821529220772,0.0,0.0,0.0
