amplitude,center,FWHM,amplitude_err,center_err,FWHM_err
0.06639974930600444,1517.9174361513542,19.490830564261955,0.0,0.0,0.0
