amplitude,center,FWHM,amplitude_err,center_err,FWHM_err
0.06642171168122452,1517.979000661648,19.4826358140978,0.0,0.0,0.0
