amplitude,center,FWHM,amplitude_err,center_err,FWHM_err
0.08209360620376183,1501.0400596780808,15.630758544142298,0.0,0.0,0.0
