amplitude,center,FWHM,amplitude_err,center_err,FWHM_err
0.08320046402992787,1501.0880440308797,15.366526735349025,0.0,0.0,0.0
