amplitude,center,FWHM,amplitude_err,center_err,FWHM_err
0.08171701349160414,1544.7911876317414,15.66298740297539,0.0,0.0,0.0
