amplitude,center,FWHM,amplitude_err,center_err,FWHM_err
0.08245510323676668,1544.8553265772105,15.429700473356672,0.0,0.0,0.0
