amplitude,center,FWHM,amplitude_err,center_err,FWHM_err
0.06979391890640306,1514.536460163583,18.271066435153546,0.0,0.0,0.0
