amplitude,center,FWHM,amplitude_err,center_err,FWHM_err
0.06817757935317961,1514.7730221875424,18.907463122966305,0.0,0.0,0.0
