amplitude,center,FWHM,amplitude_err,center_err,FWHM_err
0.06672790823489429,1514.5040092145603,19.40305387050415,0.0,0.0,0.0
