amplitude,center,FWHM,amplitude_err,center_err,FWHM_err
0.06844144673174161,1514.7200535739355,18.77872714988807,0.0,0.0,0.0
