concentration,width
0.01, 12.209876543209877
0.25, 18.185185185185183
0.50, 20.185185185185183
0.75, 18.185185185185183
1.00, 12.209876543209877

