amplitude,center,FWHM,amplitude_err,center_err,FWHM_err
0.10436129250879458,1555.3321420673985,12.200398276457403,0.0,0.0,0.0
