amplitude,center,FWHM,amplitude_err,center_err,FWHM_err
0.06625434366105329,1521.169345405034,19.540353661270256,0.0,0.0,0.0
