amplitude,center,FWHM,amplitude_err,center_err,FWHM_err
0.06751309320875237,1521.3259652128913,19.055794233605354,0.0,0.0,0.0
