amplitude,center,FWHM,amplitude_err,center_err,FWHM_err
0.06701942690625343,1521.2762972396965,19.212012597446968,0.0,0.0,0.0
