amplitude,center,FWHM,amplitude_err,center_err,FWHM_err
0.06746809593817499,1521.333403455345,18.979886266625417,0.0,0.0,0.0
