amplitude,center,FWHM,amplitude_err,center_err,FWHM_err
0.06626311031029376,1521.197316592085,19.398475213233695,0.0,0.0,0.0
