amplitude,center,FWHM,amplitude_err,center_err,FWHM_err
0.06789426291009484,1527.4595841938847,18.885497954950633,0.0,0.0,0.0
