amplitude,center,FWHM,amplitude_err,center_err,FWHM_err
0.06749895982046997,1527.502530478766,19.069487203986476,0.0,0.0,0.0
