amplitude,center,FWHM,amplitude_err,center_err,FWHM_err
0.06640368483018673,1527.494971688361,19.45663606119889,0.0,0.0,0.0
