amplitude,center,FWHM,amplitude_err,center_err,FWHM_err
0.06868926889409993,1527.448522233759,18.651198956159043,0.0,0.0,0.0
