amplitude,center,FWHM,amplitude_err,center_err,FWHM_err
0.06882280913181571,1527.6631228160943,18.586096156995698,0.0,0.0,0.0
