amplitude,center,FWHM,amplitude_err,center_err,FWHM_err
0.07060951317066008,1511.4039132738792,18.13667940708039,0.0,0.0,0.0
