amplitude,center,FWHM,amplitude_err,center_err,FWHM_err
0.07007968477707456,1511.338464889506,18.377896726514546,0.0,0.0,0.0
