amplitude,center,FWHM,amplitude_err,center_err,FWHM_err
0.06937582558739908,1511.4632862631922,18.609975478644238,0.0,0.0,0.0
