amplitude,center,FWHM,amplitude_err,center_err,FWHM_err
0.066266351921487,1524.42996547831,19.50000650483789,0.0,0.0,0.0
