amplitude,center,FWHM,amplitude_err,center_err,FWHM_err
0.06467819076188237,1524.2887761880772,20.184662555750865,0.0,0.0,0.0
