amplitude,center,FWHM,amplitude_err,center_err,FWHM_err
0.06765733420428158,1524.3358038220847,19.026872410125254,0.0,0.0,0.0
