amplitude,center,FWHM,amplitude_err,center_err,FWHM_err
0.06568747143522463,1524.383284511554,19.71006410427615,0.0,0.0,0.0
