amplitude,center,FWHM,amplitude_err,center_err,FWHM_err
0.0669926298909851,1524.4092224371723,19.229653926679877,0.0,0.0,0.0
