amplitude,center,FWHM,amplitude_err,center_err,FWHM_err
0.09656431817675498,1552.8004451393838,13.193548138746849,0.0,0.0,0.0
