amplitude,center,FWHM,amplitude_err,center_err,FWHM_err
0.09746861672464249,1552.787945471437,13.057318702044018,0.0,0.0,0.0
