amplitude,center,FWHM,amplitude_err,center_err,FWHM_err
0.0787833837643866,1542.1183840720491,16.179815464932172,0.0,0.0,0.0
