amplitude,center,FWHM,amplitude_err,center_err,FWHM_err
0.07760446667626926,1542.061830310749,16.50086039356828,0.0,0.0,0.0
