amplitude,center,FWHM,amplitude_err,center_err,FWHM_err
0.07304659744613606,1536.5287081040603,17.46039987367654,0.0,0.0,0.0
