amplitude,center,FWHM,amplitude_err,center_err,FWHM_err
0.07093474041920449,1536.4553916488542,18.16598237301106,0.0,0.0,0.0
