amplitude,center,FWHM,amplitude_err,center_err,FWHM_err
0.0729702170308732,1536.4366717330822,17.503889820131523,0.0,0.0,0.0
