amplitude,center,FWHM,amplitude_err,center_err,FWHM_err
0.07216606324921751,1507.9239665274804,17.867020476760477,0.0,0.0,0.0
