amplitude,center,FWHM,amplitude_err,center_err,FWHM_err
0.07372228901574164,1507.9664573352527,17.38790991098436,0.0,0.0,0.0
