amplitude,center,FWHM,amplitude_err,center_err,FWHM_err
0.073052160706639,1508.0828029119286,17.59035891038923,0.0,0.0,0.0
