amplitude,center,FWHM,amplitude_err,center_err,FWHM_err
0.10436148808797047,1494.1424303513265,12.200367470275358,0.0,0.0,0.0
